index: 0,username,password,email,key
0,alice,0x73b6ec5f,ssdukicxyuso,securekey
1,bob,0xf2ffdc5e,slclcmoerwwvutsw,securekey
2,charlie,0x68d64e0f,svchbecekhpgufvq,securekey
3,david,0xb9964c9d,spkwvediqleeid,securekey
4,eve,0xe9f6f8ce,sexcuecekhpgufvq,securekey
5,frank,0x2bd67a8f,sexcuediqleeid,securekey
6,grace,0x79ff4cd5,szgujewtjweqlx,securekey
7,hannah,0xb19ede0f,ssduvbkqndicwfq,securekey
8,ivan,0xe1ffec87,sephrlkivsqrfvemsk,securekey
9,jack,0x339ad885,sexcuecekhpgufvq,securekey
10,testuser,0x73b2dcdf,ybqqwrxgiwljyfhfzmj,fxyxw
11,slehfoih32rr23,0xfa9e48cd,radqlvwzphawd,vwdlh
